Product,Rating,Review
Product X,5,"I absolutely love Product X! It's the best product I've ever used. Highly recommended!"
Product X,4,"Product X is great! It meets all my expectations and performs exceptionally well."
Product X,4,"I'm very satisfied with Product X. It's reliable and offers excellent value for the price."
Product X,5,"Product X exceeded my expectations. It's a game-changer and has improved my daily life."
Product X,5,"I can't say enough good things about Product X. It's a must-have for everyone!"
Product X,4,"Product X is fantastic! It's user-friendly and delivers outstanding results."
Product X,3,"I have mixed feelings about Product X. It has its pros and cons, but it gets the job done."
Product X,5,"Product X is worth every penny. I'm extremely happy with its performance."
Product X,4,"I'm impressed with Product X. It's well-designed and offers great functionality."
Product X,5,"Product X is a game-changer. It has made my life so much easier and more convenient."
Product X,3,"Product X is decent. It performs adequately, but I expected more from it."
Product X,4,"I'm satisfied with Product X. It meets my needs and is of good quality."
Product X,5,"Product X is outstanding! It's innovative and exceeds all expectations."
Product X,4,"Product X is a solid choice. It's reliable and offers great features."
Product X,3,"Product X is average. It works fine, but there are better options available."
Product X,5,"I can't imagine my life without Product X. It has become an essential part of my routine."
Product X,4,"Product X is impressive. It delivers excellent results and is worth the investment."
Product X,3,"Product X is decent for its price. It offers good value, but there are some minor flaws."
Product X,5,"Product X is exceptional! It has transformed the way I do things."
Product X,4,"I'm happy with Product X. It performs well and meets my expectations."
Product X,5,"Product X is a game-changer. It simplifies tasks and saves me a lot of time."
Product X,3,"Product X is okay. It does the job, but there's room for improvement."
Product X,4,"Product X is a reliable companion. It's durable and performs consistently."
Product X,5,"I'm extremely satisfied with Product X. It's worth every penny and more."
Product X,4,"Product X is a great addition to my life. It's practical and efficient."
Product X,3,"Product X is satisfactory. It does what it claims, but lacks some advanced features."
Product X,5,"Product X is exceptional! It's well-crafted and delivers outstanding performance."
Product X,4,"I'm very impressed with Product X. It's intuitive and offers great versatility."
Product X,3,"Product X is decent, but there are similar products with better features."
Product X,5,"Product X is a game-changer! It has exceeded my expectations in every way."
Product X,4,"Product X is a reliable workhorse. It consistently delivers excellent results."
Product X,3,"I have mixed opinions about Product X. It has its strengths and weaknesses."
Product X,4,"Product X is a solid performer. It's consistent and meets my needs."
Product X,5,"Product X is outstanding! It has revolutionized the way I use such products."
Product X,4,"I'm satisfied with Product X. It's dependable and offers good value."
Product X,3,"Product X is average. It does its job, but there's nothing extraordinary about it."
Product X,5,"Product X is exceptional! It's a step above other products in its category."
Product X,4,"I'm impressed with Product X. It's reliable and offers great functionality."
Product X,3,"Product X is decent, but it has a few drawbacks that could be improved."
Product X,5,"Product X is amazing! It has exceeded my expectations in every aspect."
Product X,4,"Product X is a reliable choice. It consistently performs well."
Product X,3,"I have mixed feelings about Product X. It has its upsides and downsides."
Product X,4,"Product X is a solid product. It delivers what it promises."
Product X,5,"Product X is outstanding! It's the best investment I've made."
Product X,4,"I'm very satisfied with Product X. It offers great value for money."
Product X,3,"Product X is decent. It gets the job done, but there are some minor issues."
Product X,5,"Product X is excellent! It's worth every penny and more."
Product X,4,"Product X is a great addition to my life. It's practical and efficient."
